,artiste,has_tweet,followers,fav,retweet,nbre tweet,tweet_freq
0,Soundtrack,True,45859,9860,1750,14919,1.102683780630105
1,Drake,True,37418151,5075196,3595975,1718,0.6071428571428571
2,Various Artists,False,0,0,0,0,0.0
3,Eminem,True,22428522,7265391,1783998,860,2.573304157549234
4,The Weeknd,True,9802988,9171228,2732287,2984,2.1182033096926713
5,Kendrick Lamar,True,11222755,4685557,1733195,4291,1.040983606557377
6,Bruno Mars,True,42087430,2589814,387035,4482,6.641025641025641
7,Ed Sheeran,True,19349390,5616113,1167779,29283,9.861313868613138
8,J. Cole,True,11651970,13333670,4846438,2686,1.0861088545897644
9,Imagine Dragons,True,5984292,1466358,245759,8167,8.4
10,Michael Jackson,True,2181860,905571,216446,2174,5.093283582089552
11,Taylor Swift,True,83132664,6014979,1627515,99,1.6136363636363635
12,Luke Bryan,True,9679538,324836,62834,5022,8.3125
13,Adele,True,27975135,4612007,1627811,308,0.5247295208655333
14,Blake Shelton,True,20672390,744406,125019,10899,6.5
15,Florida Georgia Line,True,2036354,150702,20457,18936,4.576923076923077
16,Metallica,True,5709461,418569,79452,3477,17.0
17,twenty one pilots,True,3761102,9175827,2339730,3087,1.7602941176470588
18,The Beatles,True,3669854,110505,30864,3307,7.8076923076923075
19,Future,True,11253,198,97,1702,2.2638297872340427
20,Beyonce,True,14804979,585848,346976,11,0.03401060070671378
21,Kanye West,True,28670754,3453627,565908,804,15.217391304347826
22,Zac Brown Band,True,1696242,118164,16087,4839,8.174193548387096
23,Chris Stapleton,True,277390,141468,20265,3385,2.7763713080168775
24,Panic! At The Disco,True,2914911,3261105,447659,3666,7.283783783783784
25,G-Eazy,True,3672450,1441827,233514,31715,6.134408602150538
26,Sam Smith,True,7855187,2448817,342649,13534,5.4404145077720205
27,Shawn Mendes,True,20270290,18174646,3034186,14558,8.814814814814815
28,Thomas Rhett,True,2328104,1514504,104992,5863,3.788778877887789
29,Logic,True,2437028,2742590,516240,79462,8.448275862068966
30,Lana Del Rey,True,9171433,5549008,1545669,124,0.22685185185185186
31,Carrie Underwood,True,8394814,788668,88592,4503,7.528301886792453
32,Halsey,True,9844543,5989977,925030,13502,29.75
33,Queen,True,1602857,385352,113138,7707,9.538461538461538
34,Lil Uzi Vert,True,5115678,5037802,1212185,13933,3.3128342245989306
35,Maroon 5,True,14667206,229705,39131,6396,9.172413793103448
36,The Chainsmokers,True,3471756,497471,95518,467,11.273684210526316
37,Ariana Grande,True,59127326,19196437,2580977,43001,99.0
38,Fleetwood Mac,True,159504,30912,11807,230,0.37855787476280833
39,Bob Marley And The Wailers,False,0,0,0,0,0.0
40,Journey,True,251359,65991,11608,1726,1.7686453576864536
41,2Pac,True,448984,239142,104324,1425,1.1775700934579438
42,Original Broadway Cast Recording,False,0,0,0,0,0.0
43,Sam Hunt,True,583723,34553,10081,48,0.33237410071942447
44,Eric Church,True,2081563,262957,65658,816,1.1194605009633911
45,Bryson Tiller,True,2427534,5769644,1619632,1684,2.2290502793296088
46,Creedence Clearwater Revival Featuring John Fogerty,False,0,0,0,0,0.0
47,Guns N' Roses,True,6208253,495150,88814,7989,6.517241379310345
48,Rae Sremmurd,True,740964,11628,2085,14378,3.5
49,Sia,True,3764696,1019538,221753,16090,5.913043478260869
50,Travis Scott,True,4421677,8597431,1807679,852,9.705882352941176
51,Five Finger Death Punch,True,653722,120216,19319,7084,5.545454545454546
52,Kevin Gates,True,966997,1000149,579782,8465,1.3903002309468822
53,Fall Out Boy,True,3242605,798228,96348,4913,6.134831460674158
54,Kidz Bop Kids,True,13718,2248,684,10482,9.301369863013699
55,Red Hot Chili Peppers,True,2576206,550294,99020,1525,3.8780487804878048
56,Eagles,True,3374124,151860,39739,46803,109.66666666666667
57,Hozier,True,689661,461215,72982,3152,6.631578947368421
58,AC/DC,True,311886,120018,42979,672,5.0814814814814815
59,Jason Aldean,True,3703529,331604,37811,17961,5.420353982300885
60,Justin Bieber,True,104581825,27958289,9344715,30524,1.4340974212034383
61,Meghan Trainor,True,2200710,52538,11999,12513,14.25925925925926
62,Childish Gambino,False,0,0,0,0,0.0
63,Big Sean,True,14591856,3001537,965108,20267,2.885793871866295
64,Elton John,True,723074,119342,31217,4392,17.027027027027028
65,XXXTENTACION,True,2099029,5167204,1849141,53500,0.9292803970223326
66,Tim McGraw,True,3013078,151667,16764,180,8.777777777777779
67,Rihanna,True,88353744,9753615,1681753,10209,3.4363636363636365
68,Lauren Daigle,True,94015,92560,13667,3676,7.285714285714286
69,Billy Joel,True,257015,84760,14833,1129,5.833333333333333
70,One Direction,True,31024421,12916723,5965552,9893,1.3527885862516213
71,Pentatonix,True,981127,147078,18672,18556,24.31578947368421
72,The Lumineers,True,492387,110076,14402,5061,4.170212765957447
73,Keith Urban,True,4258042,302748,36200,7696,9.491525423728813
74,Chris Brown,True,29185821,3660438,600500,4305,6.382352941176471
75,Migos,True,2598116,862526,318878,103346,1.5789473684210527
76,Nicki Minaj,True,20503981,1981153,459639,41758,22.05
77,Charlie Puth,True,2702234,3392847,528200,692,12.703703703703704
78,The Notorious B.I.G.,True,1128447,176149,15057,5754,2.671597633136095
79,Old Dominion,True,264916,84603,7747,6815,10.390625
80,Post Malone,True,4536380,8361228,1467985,7667,7.325581395348837
81,Cole Swindell,True,658339,64243,10203,20851,19.193548387096776
82,Kodak Black,True,2387100,796667,285321,16315,14.875
83,Frank Ocean,False,0,0,0,0,0.0
84,Linkin Park,True,6171955,1017480,269732,6306,1.7811704834605597
85,Nirvana,True,923003,142452,42043,939,1.1666666666666667
86,Chance The Rapper,True,7957375,953828,163539,43157,9.333333333333334
87,Jon Pardi,True,266221,158417,12422,8433,4.461267605633803
88,A$AP Rocky,True,2351930,1231731,374979,158,1.5082872928176796
89,Katy Perry,True,106883463,3003574,488099,9323,6.313084112149533
90,Dierks Bentley,True,2659842,99269,16502,7960,4.820359281437126
91,Melanie Martinez,True,1044507,284583,75449,36,0.19230769230769232
92,Kenny Chesney,True,2716401,404006,87463,1424,2.8157303370786515
93,Kane Brown,True,1472966,576154,118749,3212,9.281481481481482
94,Frank Sinatra,True,42935,59384,15429,646,3.0867469879518072
95,A Boogie Wit da Hoodie,False,0,0,0,0,0.0
96,Led Zeppelin,True,664238,139117,77511,199,0.6064204045734388
97,Kelsea Ballerini,True,874726,112381,15603,15125,37.84375
98,Prince,True,324638,306994,125201,740,16.011494252873565
99,Foo Fighters,True,3048394,221457,33474,3304,7.269230769230769
100,Maren Morris,True,548701,380540,48759,9757,13.67816091954023
101,YoungBoy Never Broke Again,False,0,0,0,0,0.0
102,Alessia Cara,True,1292970,607849,82598,19381,15.065217391304348
103,Demi Lovato,True,56750127,6743348,1205107,17073,25.14814814814815
104,Meek Mill,True,6923751,259848,87465,9794,62.3
105,DJ Khaled,True,4218812,203398,25986,93018,40.515151515151516
106,Brett Young,True,127567,84089,11118,9947,3.5
107,Khalid,True,2462035,375186,46060,55611,67.84615384615384
108,Coldplay,True,23804252,611581,166890,7389,2.7191601049868765
109,Gucci Mane,True,6819202,1948339,884184,19469,8.166666666666666
110,Brantley Gilbert,True,1513134,201980,38010,1714,2.5944055944055946
111,Drake & Future,False,0,0,0,0,0.0
112,Disturbed,True,718397,178420,31267,1507,4.891891891891892
113,Tom Petty And The Heartbreakers,True,437284,385220,132939,4995,2.791411042944785
114,Wiz Khalifa,True,33568160,1441115,395070,44504,3.4244604316546763
115,5 Seconds Of Summer,True,12552762,3616102,952350,27297,5.260869565217392
116,Chris Young,True,39904,25115,6116,1368,1.0551470588235294
117,Elvis Presley,True,271702,175385,49937,7150,1.936426116838488
118,Kelly Clarkson,True,12241371,677115,77573,7186,9.991935483870968
119,Fetty Wap,True,764710,48161,12671,5970,2.283333333333333
120,Russ,True,1926006,1065300,173754,37764,40.87096774193548
121,Lorde,True,7811116,31856,4986,2,14.0
122,Josh Groban,True,924196,91053,9299,25122,32.064516129032256
123,BTS,True,17113482,215575236,75087240,11286,15.451219512195122
124,Little Big Town,True,1225582,65370,5106,11836,5.035087719298246
125,Lady Gaga,True,77173244,6952169,1350545,8895,4.154471544715447
126,James Bay,True,443335,302349,51705,6533,6.7537688442211055
127,Playboi Carti,True,790509,1702745,658438,7626,0.3569078947368421
128,Luke Combs,True,225638,519683,96791,9407,6.252808988764045
129,Fifth Harmony,True,5145814,1770831,513975,13502,4.688679245283019
130,David Bowie,True,953439,195288,52591,1790,4.136363636363637
131,Selena Gomez,True,56929181,9679490,2464371,4375,2.089005235602094
132,Miranda Lambert,True,7134212,457449,41941,3870,2.2706935123042506
133,Johnny Cash,True,23143,23495,10107,728,1.1812004530011324
134,Bob Seger & The Silver Bullet Band,True,78948,33911,6554,1423,2.701492537313433
135,Flo Rida,True,5266052,8187,1423,23851,2.7596153846153846
136,SZA,True,2500041,3763981,1054859,6516,6.713450292397661
137,The 1975,True,1953189,1295809,248213,5980,10.368421052631579
138,Ozuna,False,0,0,0,0,0.0
139,6LACK,True,590765,587837,134396,154873,11.271186440677965
140,Major Lazer,True,1945413,75439,16796,15667,12.833333333333334
141,Calvin Harris,True,12861244,486112,62076,1010,4.933333333333334
142,X Ambassadors,True,103731,18545,2849,7345,3.4239130434782608
143,Lil Yachty,True,4512282,1810002,367384,50314,22.302325581395348
144,Lil Baby,True,389360,1653531,702139,403,3.2192513368983957
145,Dr. Dre,True,2839856,180633,127727,181,0.3569482288828338
146,Trippie Redd,True,620702,852351,203870,150,0.797558494404883
147,Young Thug,True,3246247,2100489,683370,50797,5.923076923076923
148,P!nk,True,31909373,1380065,110191,7148,6.253807106598985
149,Dua Lipa,True,2703346,2766601,423749,8850,16.333333333333332
150,OneRepublic,True,3541582,230885,37376,14340,5.150943396226415
151,Jason Derulo,True,3934900,234075,39451,15237,6.5
152,Elle King,True,62598,28877,4074,8019,1.4499424626006905
153,Garth Brooks,True,441294,209577,34044,3213,3.2666666666666666
154,Green Day,True,5143356,723793,156978,1982,1.7789256198347108
155,Bebe Rexha,True,1190376,826031,116578,7452,15.2
156,21 Savage & Metro Boomin,False,0,0,0,0,0.0
157,Mumford & Sons,True,695292,106978,14421,1149,17.11111111111111
158,NF,True,337894,1384148,355202,7399,3.306954436450839
159,Lynyrd Skynyrd,True,156455,27077,6675,2850,1.3768382352941178
160,Bon Jovi,True,3007130,409752,101647,3738,4.53125
161,Ty Dolla $ign,True,1512668,647484,139250,23772,8.555555555555555
162,The Rolling Stones,True,3281156,251601,54519,12260,6.321212121212121
163,Casting Crowns,True,564595,70087,13634,3058,3.1307339449541285
164,WALK THE MOON,True,210019,93554,11535,7804,5.286919831223629
165,2 Chainz,True,4177001,89058,21530,35028,16.646341463414632
166,Jeremih,True,928657,8411,2309,165,1.0710382513661203
167,Trans-Siberian Orchestra,True,29194,6657,2099,966,1.1495246326707
168,Pink Floyd,True,3183266,444972,98745,1597,4.0
169,Trey Songz,True,13787320,1054030,307536,13752,3.1531531531531534
170,"Tyler, The Creator",True,7987659,7241029,1378221,40198,6.4916201117318435
171,Rachel Platten,True,144824,87531,10164,13482,4.309375
172,Daniel Caesar,True,298988,547323,103075,2559,2.851063829787234
173,Nick Jonas,True,13651426,2876354,358507,4739,5.344086021505376
174,NAV,True,502532,2689491,967482,577,2.406708595387841
175,Arctic Monkeys,True,1715289,1234015,394519,673,0.727780883174958
176,David Guetta,True,21449657,57228,8815,4915,12.104166666666666
177,Tove Lo,True,382206,197856,39643,3833,3.9034267912772584
178,Kid Rock,True,560164,393258,67158,1555,4.4504792332268375
179,Portugal. The Man,True,128405,6676,946,6944,26.8
180,MercyMe,True,423601,48166,5602,4596,3.6135135135135137
181,James Arthur,True,2216558,67771,11274,16044,19.17391304347826
182,Alabama Shakes,True,180937,22454,4445,1856,0.8498402555910544
183,Brett Eldredge,True,1298263,185073,19600,14045,19.718309859154928
184,Chris Tomlin,True,1021368,146015,28021,5417,13.926315789473684
185,H.E.R.,True,1132514,431922,86597,8402,5.226244343891403
186,PnB Rock,True,404870,95316,30658,30669,4.333333333333333
187,Troye Sivan,True,8691650,2984749,332721,16653,39.4
188,Daya,True,152276,64907,9438,6096,4.167763157894737
189,Greta Van Fleet,True,90071,134657,20256,2863,11.17910447761194
190,blackbear,True,1879704,8725092,3076190,2142,3.5702005730659025
191,Billie Eilish,True,774756,1738797,270244,1784,3.47244094488189
192,21 Savage,True,2682748,5391915,2151645,13747,1.5142857142857142
193,Ellie Goulding,True,7034988,146182,20973,16144,13.64102564102564
194,Miguel,True,1029871,351827,67774,25052,6.103448275862069
195,Nathaniel Rateliff & The Night Sweats,False,0,0,0,0,0.0
196,Jhene Aiko,True,1617201,1014137,273956,1132,12.88
197,"21 Savage, Offset & Metro Boomin",False,0,0,0,0,0.0
198,Nickelback,True,751419,61535,8578,14050,8.012048192771084
199,John Legend,True,12276516,1172272,141688,12728,36.3125
200,Michael Buble,True,2325973,273241,42761,2499,1.407358738501971
201,Harry Styles,True,32973899,53453007,20925613,5489,1.2857142857142858
202,Tee Grizzley,True,340762,216529,58822,8150,5.848101265822785
203,Mariah Carey,True,20442742,686040,150092,8276,32.43333333333333
204,Vance Joy,True,169752,123645,14134,2729,4.741035856573705
205,Mark Ronson,True,550480,152647,35774,5519,6.234375
206,Jon Bellion,True,1592038,1622555,309163,15441,2.1319796954314723
207,Simon & Garfunkel,False,0,0,0,0,0.0
208,Chase Rice,True,1095611,304320,27910,18042,3.4317548746518107
209,Camila Cabello,True,7544270,10226647,2079961,12442,24.705882352941178
210,Andy Grammer,True,161192,29966,3540,12949,9.757575757575758
211,Lil Skies,True,518982,942575,240893,6771,0.7911877394636015
212,Lil Dicky,True,476706,713965,91206,14558,4.554216867469879
213,Lady Antebellum,True,2473985,71474,11317,7329,4.917355371900826
214,A$AP Ferg,True,843674,181544,46099,13748,2.5080213903743314
215,Gunna,True,222420,591344,211190,5455,1.7392638036809815
216,DNCE,True,331724,170500,33226,3378,4.76
217,Kid Cudi,True,1935638,3205638,856848,11839,1.33248730964467
218,Tory Lanez,True,1408394,216070,75839,359,3.5
219,Mac Miller,True,8714598,2049449,603302,229,5.058064516129032
220,Neil Diamond,True,860302,106454,23421,626,0.7935222672064778
221,N.W.A,True,531779,38439,29116,23987,30.153846153846153
222,Yo Gotti,True,1707045,26682,6558,27455,5.511811023622047
223,Lukas Graham,True,200854,10163,1258,13900,31.76923076923077
224,Amy Winehouse,True,557073,23450,26644,145,0.6533333333333333
225,YFN Lucci,False,0,0,0,0,0.0
226,George Ezra,True,712931,314143,32057,12925,7.70440251572327
227,DJ Snake,True,1428985,393069,91537,22140,21.358974358974358
228,Flume,True,468587,513027,78807,2093,2.2066549912434326
229,Tori Kelly,True,1307677,1041841,208995,29403,1.6556016597510372
230,Brothers Osborne,True,141741,79410,6595,10857,12.163934426229508
231,for KING & COUNTRY,True,124440,47018,5912,21274,17.64
232,6ix9ine,True,401008,926805,212385,107,2.2958199356913185
233,Bing Crosby,True,5460,1672,320,5505,2.3064250411861615
234,D.R.A.M.,False,0,0,0,0,0.0
235,YG,True,3153350,2602093,871253,36435,4.0048076923076925
236,Dan + Shay,True,434908,104268,10887,21554,27.63157894736842
237,Pitbull,True,26282838,646113,161327,7697,4.9743589743589745
238,Blink-182,True,1638189,48260,6619,5521,4.2924528301886795
239,Joey + Rory,True,48763,7006,1118,1350,0.7007007007007007
240,Kaleo,True,46993,68232,7363,1157,3.6481481481481484
241,Kacey Musgraves,True,523844,320432,33347,1481,13.236363636363636
242,Skrillex & Diplo,False,0,0,0,0,0.0
243,Usher,True,12378457,453312,74810,5787,3.0172413793103448
244,ScHoolboy Q,True,2493107,637708,234141,22050,1.1556603773584906
245,tobyMac,True,612835,75592,8080,4640,7.114754098360656
246,My Chemical Romance,True,1164692,753933,409020,441,0.5580159433126661
247,Breaking Benjamin,True,324251,128367,25719,1081,2.278797996661102
248,Vince Guaraldi Trio,False,0,0,0,0,0.0
249,Cam,True,200908,21942,3035,8625,10.68421052631579
250,Bazzi,True,267241,2100068,472452,17410,7.809248554913295
251,Kesha,True,3534809,452901,77963,6964,7.859649122807017
252,Alan Jackson,True,574502,83655,22878,1776,1.3596358118361154
253,Rick Ross,True,4280193,525338,268948,60159,13.311475409836065
254,AJR,True,141291,374997,49791,12983,4.339483394833948
255,Cardi B,True,4195926,301021,26177,21974,8.615384615384615
256,Moneybagg Yo,False,0,0,0,0,0.0
257,Kiiara,True,53484,23240,3073,7041,18.11111111111111
258,Juan Gabriel,True,199957,119179,39428,757,1.1122082585278277
259,Macklemore,True,2611944,141183,20671,18576,2.803763440860215
260,gnash,True,263835,49744,14828,11843,21.482758620689655
261,Justin Timberlake,True,64571214,1787637,185743,4050,3.5
262,George Strait,True,337064,153071,45393,519,1.1653543307086613
263,Mike Posner,True,605223,98860,19105,16269,2.756923076923077
264,Iggy Azalea,True,7924947,644162,86927,47907,9.35344827586207
265,Leon Bridges,True,100154,39182,5758,4184,5.526315789473684
266,Lee Brice,True,1012926,42403,3391,6522,6.777070063694268
267,Echosmith,True,207700,44352,5687,26863,10.559322033898304
268,Omarion,True,1287837,40178,10979,27337,9.153846153846153
269,"Earth, Wind & Fire",True,86185,189429,97899,5893,2.9808612440191387
270,Lil Pump,True,1159570,5858509,1546163,4618,2.3333333333333335
271,Barbra Streisand,True,558069,681164,155081,2401,14.736842105263158
272,Rich The Kid,True,1313081,146899,70465,356380,17.11111111111111
273,Juice WRLD,True,468939,1576740,346919,15779,22.90909090909091
274,Machine Gun Kelly,True,1221916,1293822,235847,30334,8.36111111111111
275,James Taylor,True,65123,57470,9371,1795,3.6991869918699187
276,Shinedown,True,346451,36563,4119,12897,18.442307692307693
277,The Piano Guys,True,134132,98647,49810,2288,5.145299145299146
278,Lil Peep,True,498533,1322094,388992,6285,2.6717557251908395
279,French Montana,True,2912626,60914,10955,32022,14.7
280,Travis Tritt,True,83334,21583,2073,22064,60.94117647058823
281,Celine Dion,True,830791,458727,91462,1782,3.1016949152542375
282,Ella Mai,True,308793,790044,175384,4480,17.08
283,PARTYNEXTDOOR,True,1469617,1646090,1294432,262,0.6063953488372092
284,"Rae Sremmurd, Swae Lee & Slim Jxmmi",False,0,0,0,0,0.0
285,Prince And The Revolution,True,324638,306994,125201,740,16.011494252873565
286,Milky Chance,True,75358,54037,8550,1389,2.019559902200489
287,Wale,True,5762903,102849,25499,3866,100.15384615384616
288,Grateful Dead,True,131796,47488,10104,1242,5.2298850574712645
289,Darius Rucker,True,1602342,65347,5936,12623,14.0
290,Pharrell Williams,True,10837167,747814,175365,4554,3.2516129032258063
291,Dustin Lynch,True,863539,168370,26899,11156,6.62621359223301
292,Avicii,True,2015618,409621,102231,3095,1.699588477366255
293,Amine,True,233478,1313726,254089,1316,2.6908602150537635
294,Young Dolph,True,613776,56903,18786,20057,2.5846153846153848
295,John Mayer,True,1460438,1717841,293803,2696,3.6122448979591835
296,Zayn,True,27884952,11769689,3573569,3513,1.8081180811808117
297,Bastille,True,1466958,239586,28472,15114,13.213483146067416
298,Jessie J,True,8827570,240547,42595,20790,5.41578947368421
299,Stevie Wonder,True,54998,817882,274960,84,2.4705882352941178
300,Lord Huron,True,33496,23728,4329,715,1.0479394449116906
301,Anne-Marie,True,473479,221561,24280,16949,102.66666666666667
302,Bee Gees,True,14400,38571,6595,385,3.5
303,Florence + The Machine,True,1079324,905412,138840,2269,8.012048192771084
304,Kid Ink,True,1089144,106109,40268,28456,8.359712230215827
305,Def Leppard,True,771246,203005,29428,11521,9.333333333333334
306,T.I.,True,8470270,237303,81256,19091,9.051724137931034
307,The Beach Boys,True,75096,30631,5850,1046,3.4309210526315788
308,Lindsey Stirling,True,546685,57512,6061,12477,33.67567567567568
309,A Tribe Called Quest,True,81390,19446,5850,1898,4.145015105740181
310,NEEDTOBREATHE,True,230313,29401,2511,5401,8.989473684210527
311,NAV And Metro Boomin,False,0,0,0,0,0.0
312,Mary J. Blige,True,5981698,117265,28325,7092,1.3533333333333333
313,Third Day,True,393491,20914,2970,3851,2.2374429223744294
314,Madonna,True,2311793,1205591,211846,3165,10.167883211678832
315,Zara Larsson,True,1343259,489592,72425,1370,21.7
316,Dwight Yoakam,True,67486,26934,8622,1789,1.7666666666666666
317,A$AP Mob,True,617491,59498,16130,10713,5.32
318,Jay Rock,True,633186,255212,92366,14459,0.6191806331471136
319,Joey Bada$$,True,929850,177451,83100,67,1.8529411764705883
320,Jordan Smith,True,95038,16234,1667,2986,6.147435897435898
321,Aerosmith,True,2047040,144788,26642,5284,4.109311740890688
322,Solange,True,4071540,873341,184406,452,2.2238805970149254
323,Lauv,True,194751,861094,204057,4048,19.884057971014492
324,The Game,True,1079305,22221,5643,28880,8.349397590361447
325,Gwen Stefani,True,2770461,198582,27348,4353,3.3047210300429186
326,Reba,True,2229564,275001,29736,7493,3.3681159420289855
327,Train,True,424487,33367,3729,13489,8.456
328,Skillet,True,536515,148752,20232,2542,3.1199095022624435
329,Daryl Hall John Oates,True,58553,18043,2833,3830,10.23076923076923
330,Lil Wayne,True,33937005,2718237,775446,1965,3.886627906976744
331,Nicky Jam,True,2189738,223655,21909,8832,7.704142011834319
332,Sturgill Simpson,False,0,0,0,0,0.0
333,Kehlani,True,768773,1465057,233858,876,22.365853658536587
334,Hillsong UNITED,True,1188315,70840,15613,4350,1.6842105263157894
335,Niall Horan,True,39305510,7602571,1637630,12981,7.6893939393939394
336,Ruth B,True,1364538,78297,16526,4700,2.109090909090909
337,Anuel AA,False,0,0,0,0,0.0
338,JAY-Z,True,3124783,1072751,710822,262,0.9728978457261988
339,Mannheim Steamroller,True,4992,993,191,11132,11.064516129032258
340,BlocBoy JB,True,65619,28100,9122,9439,3.230769230769231
341,U2,True,1574956,360300,64880,3231,8.135135135135135
342,alt-J,True,510106,70423,10311,3033,3.264423076923077
343,Ne-Yo,True,6815222,34263,4954,16211,13.583333333333334
344,Andrea Bocelli,True,241523,35841,5980,2043,9.141176470588235
345,Zedd,True,8091506,730687,94493,31472,18.82758620689655
346,Huncho Jack,False,0,0,0,0,0.0
347,Burl Ives,False,0,0,0,0,0.0
348,Nat King Cole,True,716,957,268,134,1.4750462107208873
349,Robin Schulz,True,236111,13880,2586,4241,13.16304347826087
350,Lecrae,True,1682859,751225,245995,12773,9.71900826446281
351,The Carters,False,0,0,0,0,0.0
352,Jeezy,True,1253601,82549,41545,8151,3.08
353,BORNS,True,290076,271284,35775,5470,8.54601226993865
354,Gorillaz,True,790113,403157,76498,1587,6.64748201438849
355,Radiohead,True,1876724,288839,125652,154,0.8553054662379421
356,Tyrese,True,3121330,6310,1092,45037,56.583333333333336
357,Andy Williams,True,2236,342,419,102,0.43615052436767426
358,Kirk Franklin,True,1762021,386619,113067,10777,4.619528619528619
359,Bob Dylan,True,337015,63046,33308,622,0.9407514450867052
360,Tech N9ne,True,544910,14101,2632,17932,37.25806451612903
361,August Alsina,True,1049440,199758,49793,34541,0.9137168141592921
362,Adam Lambert,True,2480381,460069,115917,8259,5.631818181818182
363,Van Morrison,True,42642,17862,5467,1220,1.2182061579651942
364,K. Michelle,True,1675486,15495,2663,83932,39.9
365,Fitz And The Tantrums,True,56577,5509,564,6849,4.074626865671642
366,Foreigner,True,110899,29548,5786,2346,3.1216216216216215
367,Chris Cornell,True,1790301,347563,74141,4152,1.8375
368,Muse,True,2690735,203842,38374,2982,10.659090909090908
369,Desiigner,True,1570188,173800,50855,7402,8.029411764705882
370,ABBA,True,44162,141846,27826,394,7.212121212121212
371,Future & Young Thug,False,0,0,0,0,0.0
372,Sublime,False,0,0,0,0,0.0
373,J Balvin,True,5849156,111723,13442,29773,29.225
374,Ice Cube,True,4649478,660333,164242,4596,7.983471074380165
375,Phil Collins,True,146282,447148,175462,270,1.1616766467065869
376,N*E*R*D,True,159372,57643,17834,182,2.339622641509434
377,GoldLink,True,62583,111148,39622,608,1.7374701670644392
378,Carpenters,False,0,0,0,0,0.0
379,Jaden Smith,True,7982014,2167705,340233,5378,14.620253164556962
380,Beck,True,327724,35648,5323,1147,4.057522123893805
381,Chris Brown & Tyga,False,0,0,0,0,0.0
382,Garth Brooks & Trisha Yearwood,False,0,0,0,0,0.0
383,Famous Dex,True,984379,247454,79619,58130,1.4907407407407407
384,Johnny Mathis,True,5545,5665,1590,685,1.7312977099236642
385,Shakira,True,50739782,916580,109952,6125,25.822222222222223
386,Leonard Cohen,False,0,0,0,0,0.0
387,D'Angelo And The Vanguard,False,0,0,0,0,0.0
388,Kygo,True,448139,223531,50969,1536,0.9686684073107049
389,Eric Clapton,True,40540,25391,6519,44,0.3301088270858525
390,Marian Hill,True,104840,26993,4381,6050,9.701754385964913
391,ODESZA,True,173437,178987,33017,6780,8.176
392,Queen Naija,False,0,0,0,0,0.0
393,Joe Bonamassa,True,168516,64569,6872,7003,23.75
394,Bruce Springsteen & The E Street Band,True,1168085,279192,60595,3765,2.18974358974359
395,The Who,True,577464,62710,14291,2564,2.247967479674797
396,Marilyn Manson,True,1176945,1185175,287594,1113,1.6584022038567494
397,Rush,True,256024,172265,40478,1600,1.2669683257918551
398,Kids Choir,False,0,0,0,0,0.0
399,Lionel Richie,True,298332,101772,12793,3431,4.206422018348624
400,Lil Durk,True,2878591,375640,163123,57270,49.7
401,Morgan Wallen,True,35762,88005,8895,18594,5.101694915254237
402,Slipknot,True,2019175,511558,119811,1734,2.66
403,R. Kelly,True,1037499,139183,34710,4518,8.152941176470588
404,Of Monsters And Men,True,374020,171808,34752,1260,1.3732767762460234
405,'N Sync,True,253683,248110,66898,1234,1.0867302688638334
406,Home Free,True,4490,1416,401,2172,98.0
407,Alanis Morissette,True,532562,112318,10648,1627,5.737704918032787
408,Dolly Parton,True,4725333,1853040,367307,1792,3.4523160762942777
409,George Michael,True,594366,125300,54568,2133,0.7797810688989053
410,R. City,True,33487,11526,3457,2502,12.6875
411,Neil Young,True,452272,113355,35203,316,0.8786367414796342
412,Ella Henderson,True,1107472,46093,8685,11940,1.4556291390728477
413,Beach House,True,277692,61389,17028,106,0.18561414202986895
414,Jess Glynne,True,380721,142890,21272,8309,4.003344481605351
415,Dance Gavin Dance,True,103308,73874,14995,3310,5.791666666666667
416,Janet,True,3384988,843290,173548,1483,3.012437810945274
417,Jeremy Camp,True,521593,68021,12339,4555,3.753351206434316
418,Bring Me The Horizon,True,1891880,407099,104473,7003,9.053333333333333
419,Rascal Flatts,True,1793236,85966,10924,13055,4.4655172413793105
420,Elvis Presley With The Royal Philharmonic Orchestra,False,0,0,0,0,0.0
421,KIDS SEE GHOSTS,False,0,0,0,0,0.0
422,Hank Williams Jr.,True,219391,34719,16694,1001,0.9257057949479941
423,Marc E. Bassy,True,50201,87789,16827,7939,4.574007220216607
424,Kings Of Leon,True,622979,137298,40201,645,1.4951456310679612
425,Tank,True,579026,6841,1281,36365,20.637931034482758
426,Tony Bennett & Lady Gaga,False,0,0,0,0,0.0
427,Grace VanderWaal,True,310809,273832,30436,3853,5.205128205128205
428,Hillsong Worship,True,559647,69679,17753,5927,5.0699588477366255
429,Cage The Elephant,True,1227591,50730,9421,8143,7.7368421052631575
430,Miley Cyrus,True,40526889,5518107,845661,9296,4.732
431,The New Basement Tapes,False,0,0,0,0,0.0
432,Ray LaMontagne,True,93326,16848,3457,919,1.354378818737271
433,Jimi Hendrix,True,474440,88188,34194,1157,1.372829417773238
434,Nipsey Hussle,True,707935,82172,36908,21100,7.549019607843137
435,Brad Paisley,True,4467193,363172,53764,7616,5.229571984435798
436,The Killers,True,5076914,805775,116837,1120,3.187793427230047
437,Don Henley,False,0,0,0,0,0.0
438,Grace,True,21531,9935,1818,7537,1.9025641025641025
439,Whitney Houston,True,3600,13864,5294,223,6.779874213836478
440,Glen Campbell,True,21157,18908,4210,968,2.7865707434052758
441,Charli XCX,True,3242289,887863,132561,12233,21.0
442,Reba McEntire,True,2229611,275004,29736,7493,3.3681159420289855
443,Dave Matthews Band,True,356874,73810,9467,3145,7.886666666666667
444,Three Days Grace,True,522151,55305,6573,1587,5.183206106870229
445,Shania Twain,True,907345,223543,28870,3282,10.46788990825688
446,Norah Jones,True,229693,27674,6728,514,1.2072072072072073
447,Halestorm,True,287425,95990,16581,3448,2.4324324324324325
448,Anderson .Paak,True,372893,366103,73671,6060,16.015151515151516
449,newsboys,True,367758,29384,5074,7074,7.662721893491124
450,Sheppard,True,59309,2316,409,10523,6.468354430379747
451,"YBN Nahmir, YBN Almighty Jay & YBN Cordae",False,0,0,0,0,0.0
452,Macklemore & Ryan Lewis,True,15469,812,127,4334,2.2822757111597376
453,Big Sean & Metro Boomin,False,0,0,0,0,0.0
454,Straight No Chaser,True,43306,4616,349,4521,12.435294117647059
455,Sawyer Fredericks,True,85450,10704,2039,9679,10.7
456,KYLE,True,324457,270641,59583,27984,7.583333333333333
457,Lupe Fiasco,True,1298648,22399,5075,28237,37.54545454545455
458,Dylan Scott,True,28682,1194,306,57987,96.44444444444444
459,Paramore,True,5795766,812567,113114,5781,8.070063694267516
460,All Time Low,True,1761371,292878,43118,7222,9.830882352941176
461,Bon Iver,True,754759,34882,5267,950,2.8237791932059446
462,Diana Krall,True,71740,40526,6879,786,1.9809027777777777
463,Nine Inch Nails,True,394232,138933,29986,1459,1.817444219066937
464,Boosie BadAzz,True,695198,54585,29890,2294,1.5074906367041199
465,Jack White,True,158068,5113,838,11618,12.372093023255815
466,The Decemberists,True,632567,23009,3817,925,3.1546666666666665
467,Jennifer Nettles,True,355532,112701,12191,4710,3.7516339869281046
468,AWOLNATION,True,119614,34118,5532,8537,6.651933701657459
469,DeJ Loaf,True,613570,365018,201157,53314,7.741721854304636
470,Charlie Wilson,True,143150,43122,5814,6798,7.614035087719298
471,Lil Baby & Gunna,False,0,0,0,0,0.0
472,Smokepurpp,True,281495,310851,72671,29343,2.0851063829787235
473,Maddie & Tae,True,151604,36121,5444,6992,4.418439716312057
474,Flatbush Zombies,True,307389,153797,34750,4027,5.327433628318584
475,Pusha T,True,1553931,199862,60877,13714,7.852173913043479
476,Jamie Foxx,True,4700628,39093,7383,2948,5.682352941176471
477,Snoop Dogg,True,17481672,520007,126957,41053,6.5227272727272725
478,Modest Mouse,True,77431,22120,6813,304,0.852264291017075
479,Jason Isbell And The 400 Unit,False,0,0,0,0,0.0
480,Of Mice & Men,True,978495,17540,2319,8245,7.253012048192771
481,Kenny Rogers & Dolly Parton,False,0,0,0,0,0.0
482,K Camp,True,164925,51491,28985,144750,23.0
483,BrockHampton,True,376755,1179278,432498,60,0.9032258064516129
484,I LOVE MAKONNEN,False,0,0,0,0,0.0
485,LANCO,True,24368,16011,1927,2322,4.223628691983122
486,Nightwish,True,261206,47634,13629,952,1.4864197530864198
487,The Smashing Pumpkins,True,314195,96223,18224,9003,5.293388429752066
488,B.o.B,True,2173410,96109,37715,11109,2.929712460063898
489,Mark Knopfler,True,57063,41401,10984,472,1.5555555555555556
490,Jessie James Decker,True,634391,346559,21783,20580,2.9166666666666665
491,Teyana Taylor,True,1180774,5446,863,35597,12.25
492,Enya,True,19190,10087,5773,53,1.6019900497512438
493,Ace Frehley,True,202956,50756,8817,961,3.0682819383259914
494,Tame Impala,True,425682,93493,35269,796,0.9967078189300411
495,Courtney Barnett,True,220963,18997,2340,13613,5.2408376963350785
496,A Thousand Horses,True,44794,5080,719,7975,3.807017543859649
497,Andra Day,True,372276,21094,4798,3610,1.6416510318949344
498,Little Mix,True,11612503,1278757,299670,31376,44.88235294117647
499,Megadeth,True,1604231,213077,44428,10197,7.9245283018867925
500,Daughtry,True,546436,35145,3356,14108,4.037453183520599
501,Marina And The Diamonds,True,2705755,2891787,572991,4123,5.691588785046729
502,Jill Scott,True,1666716,112281,25490,20862,3.91254752851711
503,OMI,True,46271,6375,1602,4773,1.7073170731707317
504,Run The Jewels,True,147172,12214,2385,9589,5.25
505,Brandi Carlile,True,59710,46275,5434,1265,4.567375886524823
506,R5,True,14727,140,40,6365,6.2
507,Bette Midler,True,1500045,1291584,288721,9486,34.0
508,Bea Miller,True,812164,306628,38437,19322,15.151898734177216
509,Willie Nelson / Merle Haggard,False,0,0,0,0,0.0
510,Johnny Gill,True,200683,8343,1465,19972,4.579439252336448
511,Electric Light Orchestra,True,35744,90360,14517,610,3.4274611398963732
512,Wham!,True,154601,409,299,145537,427.0
513,Bonnie Raitt,True,79028,8652,2039,2878,1.328358208955224
514,Disclosure,True,594594,89991,19888,7387,1.5843621399176955
515,Aretha Franklin,True,130736,12406,6660,182,0.6012269938650306
516,Jackie Evancho,True,66124,33775,7712,3300,1.7294117647058824
517,Michael W. Smith,True,567002,29636,3933,5459,4.111111111111111
518,Stryper,True,47390,358,50,3120,0.42424242424242425
519,Pierce The Veil,True,1353957,534342,105681,3093,2.1184210526315788
520,Future & Juice WRLD,False,0,0,0,0,0.0
521,Christina Grimmie,True,824872,175098,44583,15447,1.6847014925373134
522,Gov't Mule,True,51315,4516,331,13562,40.35294117647059
523,Incubus,True,265818,37512,5859,3701,2.550387596899225
524,Grimes,True,807272,310248,70083,1853,7.430167597765363
525,Sleater-Kinney,True,35642,24472,4047,518,0.6891891891891891
526,Walker Hayes,True,29377,5593,364,3052,11.951219512195122
527,Lady Gaga & Bradley Cooper,False,0,0,0,0,0.0
528,Hillary Scott & The Scott Family,False,0,0,0,0,0.0
529,Britney Spears,True,56370490,3151474,460205,5614,5.257028112449799
530,Galantis,True,259668,48893,6894,6568,9.227272727272727
531,Years & Years,True,627671,234513,39966,5479,8.566433566433567
532,Sting,True,328556,81519,13745,1865,4.323529411764706
533,Mike WiLL Made-It,True,748795,7170,1499,102951,24.5
534,ZZ Top,True,211568,52915,13850,809,1.4873949579831933
535,Kip Moore,True,955099,51008,7576,6460,4.190140845070423
536,Paul McCartney,True,3937128,493867,90723,4633,16.333333333333332
537,Enrique Iglesias,True,14246397,325065,67020,5719,7.074074074074074
538,Father John Misty,False,0,0,0,0,0.0
539,Sabrina Carpenter,True,1266125,1046029,165763,12782,46.148148148148145
540,The Plot In You,True,49160,4646,781,3281,4.666666666666667
541,Sade,True,149362,7657,4157,20,0.04081006443694385
542,Maluma,True,5664484,262259,32915,19785,10.25
543,Sheck Wes,False,0,0,0,0,0.0
544,Lil Mosey,True,25099,13685,3097,126,0.8026981450252951
545,Jeff Beck,True,134894,50322,15445,419,0.9658914728682171
546,Josh Turner,True,582424,97827,14437,1293,2.4029850746268657
547,Bad Wolves,True,12394,15079,3023,618,5.25
548,The Head And The Heart,True,83716,23274,3402,14195,14.472972972972974
549,Avenged Sevenfold,True,2099439,361690,75783,2001,4.611486486486487
550,The Story So Far,True,173342,23402,3202,9948,10.0625
551,The Temptations,True,1852,7462,2436,646,0.6892778993435449
552,Bob Seger,True,78948,33910,6554,1423,2.701492537313433
553,Santana,True,1413396,15517,6958,12900,2.6451612903225805
554,Aaron Watson,True,141402,9426,1770,22670,9.578947368421053
555,Lauryn Hill,True,206268,55354,17691,521,0.5741324921135647
556,Third Eye Blind,True,77392,25104,3338,6584,2.8651162790697673
557,They Might Be Giants,True,68127,4136,736,22143,44.24
558,Silverstein,True,120240,13062,1149,10899,21.55263157894737
559,Banks,True,473230,431484,89426,2913,2.625
560,Paul Simon,True,28110,65540,17204,281,1.6420798065296252
561,Summer Walker,True,64774,237030,80760,812,8.594936708860759
562,Soundgarden,True,429484,204068,44212,1612,1.8327702702702702
563,Robert Plant,True,246775,98426,19974,600,1.1440245148110317
564,Volbeat,True,145670,21108,2147,210,6.964285714285714
565,Tay-K,True,99716,281209,127431,5989,0.6039823008849557
566,Tim McGraw & Faith Hill,True,8210,8301,712,1341,7.482758620689655
567,DMX,True,342727,34241,18093,274,1.031924882629108
568,Toby Keith,True,1230241,109500,22385,13630,7.231788079470198
569,Idina Menzel,True,683854,179694,19478,3600,5.398692810457517
570,Ryan Adams,True,787371,58654,3879,18367,7.682926829268292
571,Fabolous,True,4068201,33718,9410,19383,16.475609756097562
572,Tyler Farr,True,354746,26619,2503,10348,2.9491525423728815
573,Upchurch,True,134044,4209,399,39264,42.7
574,G Herbo,True,806155,97827,22091,12393,5.579710144927536
575,Mac DeMarco,False,0,0,0,0,0.0
576,Justin Moore,True,1214641,139597,14848,4346,3.039260969976905
577,Ninja Sex Party,True,636570,630991,89224,19374,23.418181818181818
578,Rich Homie Quan,True,1110757,47302,18092,28263,3.331730769230769
579,TWENTY88,True,22186,103004,61363,176,1.7964601769911503
580,Bethel Music,True,124582,32789,6899,9150,4.334615384615384
581,Susan Boyle,False,0,0,0,0,0.0
582,Jimmy Buffett,True,598212,97090,13802,1637,1.6292286874154263
583,Rag'n'Bone Man,True,87136,7347,818,8546,14.59322033898305
584,The Dirty Heads,True,70614,10655,1576,7879,7.96078431372549
585,Beastie Boys,True,388155,98615,43326,296,0.42500903505601734
586,Scarface,True,242790,50937,18773,27094,2.073170731707317
587,Jacquees,True,499768,293469,109474,38469,14.0
588,3 Doors Down,True,236076,6792,1122,3547,3.278481012658228
589,Shy Glizzy,True,391775,100980,61375,44618,1.132686084142395
590,Jazmine Sullivan,True,513228,43265,19900,5210,1.5617529880478087
591,YelaWolf,True,524906,3725,680,38,1.2444444444444445
592,Moneybagg Yo & YoungBoy Never Broke Again,False,0,0,0,0,0.0
593,Frank Foster,True,12589,3583,862,4301,2.5789473684210527
594,The Monkees,True,20430,3443,983,1492,0.25867861142217247
595,Quavo,True,2050245,1867345,398462,15549,5.126262626262626
596,Jesus Culture,True,633645,15312,2922,7769,8.563106796116505
597,Jana Kramer,True,671235,166070,12643,13795,3.523489932885906
598,Musiq Soulchild,True,471635,8654,2582,5736,1.0590673575129534
599,Willie Nelson,True,666627,94291,22774,145,0.8919354838709678
600,The xx,True,63968,111293,17438,683,3.3401015228426396
601,Merle Haggard,True,214955,17559,7537,531,0.4190687361419069
602,Maxwell,True,1191495,84118,15209,15441,10.692913385826772
603,dvsn,True,115259,292431,102927,434,2.7829268292682925
604,"Leslie Odom, Jr.",True,354279,30952,2025,13238,10.583333333333334
605,Falling In Reverse,True,616304,130898,20341,309,2.161073825503356
606,RaeLynn,True,219026,31197,4059,22967,7.430769230769231
607,Todd Dulaney,True,22934,147,28,39679,3.9565217391304346
608,50 Cent,True,10041068,1805395,481430,13947,14.47191011235955
609,Aaron Lewis,True,89491,22013,6591,2092,0.8105726872246696
610,Alicia Keys,True,29855260,1178180,150536,7841,6.8232323232323235
611,Andrew McMahon In The Wilderness,True,74404,9668,924,8836,29.70731707317073
612,Sara Bareilles,True,3033931,79756,7108,10987,30.70967741935484
613,Duran Duran,True,215709,76337,11619,25866,18.3
614,Death Cab For Cutie,True,157776,25622,2601,1858,11.525252525252526
615,Scotty McCreery,True,968061,56933,6665,15585,10.458823529411765
616,Sleeping With Sirens,True,1493125,224742,36110,5602,4.034351145038168
617,Evanescence,True,1264156,251612,66719,1136,2.137221269296741
618,Romeo Santos,True,4666754,115819,19137,4011,7.734806629834254
619,Blackberry Smoke,True,51369,1236,193,9941,27.391304347826086
620,Amy Grant,True,208618,13370,2617,4252,2.2014134275618376
621,Sam Beam & Jesca Hoop,False,0,0,0,0,0.0
622,Kurt Cobain,True,30173,22347,8018,44,2.388888888888889
623,DevilDriver,True,6563,4474,1492,672,2.0058479532163744
624,Otep,True,49787,848,223,105196,65.33333333333333
625,Neil Young And Bluenote Cafe,False,0,0,0,0,0.0
626,Gerardo Ortiz,True,3082263,89816,10146,16053,7.707865168539326
627,Old Crow Medicine Show,True,39109,4613,805,1088,1.6540642722117203
628,Chris Janson,True,89275,20197,1728,22787,30.896551724137932
629,Brenda Lee,True,49329,3970,825,7198,6.350515463917525
630,RM,True,17114173,215507358,75088234,11286,15.451219512195122
631,Zach Williams,False,0,0,0,0,0.0
632,Wheeler Walker Jr.,True,78038,30245,3930,14152,63.4375
633,The Wonder Years,True,136332,41052,5683,3587,4.8884297520661155
634,Billy F Gibbons,False,0,0,0,0,0.0
635,Phantogram,True,63032,25718,2953,5466,2.9696969696969697
636,AURORA,True,127535,446723,77506,3555,6.693989071038251
637,Jordan Davis,False,0,0,0,0,0.0
638,The Dear Hunter,True,18875,7805,1538,3642,1.637908496732026
639,Easton Corbin,True,556859,58594,6233,4792,2.8412698412698414
640,Annie Lennox,True,229618,72362,11630,3865,6.218085106382978
641,Enigma,True,13714,7617,3419,575,0.37780040733197556
642,Sammy Hagar & The Circle,False,0,0,0,0,0.0
643,"Royce da 5'9""",True,337233,100036,20880,63557,4.315068493150685
644,Jose Gonzalez,True,26228,601,86,3061,0.900990099009901
645,Royal Blood,True,241604,143710,19143,2518,2.1216216216216215
646,JONGHYUN,True,799051,4805424,1756155,576,9.175675675675675
647,Thievery Corporation,True,30961,3333,641,2752,3.7011494252873565
648,The Cars,True,6739,10394,3079,85,0.5316455696202531
649,Tedeschi Trucks Band,True,93339,43174,5857,3966,4.3471337579617835
650,The Robert Glasper Trio,False,0,0,0,0,0.0
651,Purity Ring,True,107374,25557,5967,1416,1.1716101694915255
652,Jodeci,True,19223,8083,4698,1060,1.016282225237449
653,Bob Weir,True,133184,93702,12403,1884,3.769230769230769
654,Emily West,True,17392,1177,104,6760,2.5429141716566868
655,Raheem DeVaughn,True,167487,2504,546,50072,29.647058823529413
656,Beirut,True,19903,8295,4007,172,0.4776748104465038
657,Tech N9ne Collabos,False,0,0,0,0,0.0
658,Enter Shikari,True,133801,3618,447,38282,38.266666666666666
659,Sleep,True,303166,644,189,16860,10.76923076923077
660,Our Last Night,True,101772,45063,8281,12426,7.04320987654321
661,Los Plebes del Rancho de Ariel Camacho,False,0,0,0,0,0.0
662,"Dolly Parton, Emmylou Harris, Linda Ronstadt",False,0,0,0,0,0.0
663,Colony House,True,27565,6231,655,6220,12.415094339622641
664,Janelle Monae,True,1047141,343658,64483,16965,18.433333333333334
665,kirstin,True,380829,165145,13233,12150,14.987179487179487
666,Matt Redman,True,408361,39381,8551,1737,2.181338028169014
667,Chickenfoot,True,66357,8694,3294,581,0.6020823902218199
668,iwrestledabearonce,True,26058,3031,1179,2184,5.778301886792453
669,DREAMCAR,True,5746,8917,1852,374,2.8739837398373984
670,De La Soul,True,151301,13871,3527,3990,1.0308555399719495
671,Joe Budden,True,1041233,81395,22279,125770,108.5
672,Hot Chip,True,132314,2930,518,6055,1.3719135802469136
673,She & Him,True,83059,16980,7561,395,0.5120240480961924
674,Parquet Courts,True,10610,220,78,18734,13.186046511627907
675,Siggno,True,19731,6400,858,3178,1.3506891271056662
676,Martina McBride,True,842265,43812,4072,18862,12.990384615384615
677,The War On Drugs,True,60615,10131,3015,1844,0.3881578947368421
678,Thirty Seconds To Mars,True,1981164,145212,25013,31434,15.866666666666667
679,Brian Wilson,True,70207,117816,22361,2107,3.127659574468085
680,The Avett Brothers,True,203106,22742,2434,4218,4.052631578947368
681,Danny Gokey,True,145269,35100,6791,7569,9.81060606060606
682,Whiskey Myers,True,65499,9890,1350,6926,7.455284552845528
683,Lindsey Buckingham / Christine McVie,False,0,0,0,0,0.0
684,Brandy Clark,True,42860,9477,809,5509,17.10126582278481
685,Owl City,True,1159078,166077,19472,1868,7.870056497175141
686,Starlito / Don Trip,False,0,0,0,0,0.0
687,The Cadillac Three,True,67991,5646,634,6809,5.743589743589744
688,Valerie June,True,16020,8892,948,3486,4.5625
689,Chris Isaak,True,22202,3469,522,80,0.8081123244929798
690,Ski Mask The Slump God,False,0,0,0,0,0.0
691,Sugarland,True,758467,82059,14634,3832,5.259668508287293
692,Jadakiss,True,1700684,38890,11392,11690,5.737704918032787
693,Il Divo,True,81168,41201,5864,3035,2.6621923937360177
694,KONGOS,True,41643,4066,555,8188,21.614035087719298
695,Daughter,True,109997,34353,8114,2260,0.9210526315789473
696,Local Natives,True,102375,18830,1897,3777,6.2898550724637685
697,Raury,True,285020,55642,19223,30757,12.055555555555555
698,Slash Featuring Myles Kennedy And The Conspirators,False,0,0,0,0,0.0
699,The Neighbourhood,True,951986,468754,128213,6905,2.140127388535032
700,Ciara,True,10931313,718135,139814,10538,10.9375
701,Neck Deep,True,213738,180164,33541,14061,12.538461538461538
702,Christina Aguilera,True,16878730,1349727,197961,1360,8.8
703,Alina Baraz & Galimatias,False,0,0,0,0,0.0
704,Barry Gibb,True,42641,45222,11862,269,0.599250936329588
705,The Black Keys,True,770807,74062,27524,1710,0.7891440501043842
706,Blue October,True,60502,24292,5005,2579,2.6724511930585684
707,Kodaline,True,301605,31811,7268,10252,16.45
708,Red,True,1010316,13170,3238,11923,39.375
709,Jack Johnson,True,360996,31080,6428,919,1.1819887429643527
710,Ziggy Marley,True,361130,47971,10212,3374,6.197916666666667
711,Sebastian Yatra,True,276447,224211,40721,10863,9.927272727272728
712,Kenny Lattimore,True,107500,9378,1956,22574,8.615384615384615
713,Selena,True,56929039,9679356,2464374,4375,2.089005235602094
714,MisterWives,True,49260,32632,3342,2767,2.6455399061032865
715,Courtney Barnett / Kurt Vile,False,0,0,0,0,0.0
716,Rittz,False,0,0,0,0,0.0
717,Michael Ray,True,51550,29930,2602,4861,2.963709677419355
718,Ariel Pink,True,43395,8427,1326,1799,3.0093457943925235
719,Keith Sweat,True,129434,32627,8897,11587,1.8727272727272728
720,Joji,True,636251,1962514,276581,386,9.702970297029703
721,Dean Martin,True,13035,19172,4796,454,1.794392523364486
722,Norma Jean,True,38095,4409,492,9402,4.248275862068965
723,Emeli Sande,True,1127665,21761,3971,132,1.1239837398373984
724,The Naked And Famous,True,72386,3015,256,3408,4.02906976744186
725,Lacey Sturm,True,51203,21010,2685,3907,2.3333333333333335
726,Colbie Caillat,True,320328,21468,3008,7405,1.623324396782842
727,Good Charlotte,True,225328,10688,1254,7658,28.0
728,Car Seat Headrest,True,43861,40968,4897,3040,3.4857142857142858
729,Bleachers,True,79307,84283,7848,1291,5.448453608247423
730,Big K.R.I.T.,True,741337,62086,24436,19174,3.106628242074928
731,The Front Bottoms,True,103733,120934,23619,4878,2.542372881355932
732,Iration,True,55807,6242,1087,17971,7.362068965517241
733,Meg Myers,True,27066,21218,2379,4328,8.964912280701755
734,Crowder,True,656421,102760,16794,53445,34.758620689655174
735,Big & Rich,True,119756,15353,1916,6444,6.675496688741722
736,Young The Giant,True,157787,71778,9004,6603,9.5
737,Yusuf,True,50030,19714,2806,1658,1.5439900867410161
738,Jay Z Kanye West,False,0,0,0,0,0.0
739,Matt McAndrew,True,93824,2550,278,25268,21.0
740,Conan Gray,True,188035,661909,90609,17698,34.78787878787879
741,Cody Jinks,True,38303,3662,451,12378,8.727272727272727
742,Prince Royce,True,6504058,74841,18446,15060,15.4
743,Tony Bennett & Diana Krall,False,0,0,0,0,0.0
744,Toni Braxton,True,1693879,90786,24626,17619,2.896551724137931
745,Smokepurpp & Murda Beatz,False,0,0,0,0,0.0
746,Tegan And Sara,True,586803,77809,12273,19978,9.725190839694656
747,Andy Black,True,957434,237432,36932,12887,4.526946107784431
748,Overkill,True,120727,44380,9864,2604,3.723404255319149
749,Dixie Chicks,True,592727,25082,3734,3507,2.641509433962264
750,Jordan Feliz,True,11862,1501,103,4763,3.5
751,Anthony Hamilton,True,526602,84262,27278,21533,4.162162162162162
752,india.arie & Joe Sample,False,0,0,0,0,0.0
753,The Willis Clan,False,0,0,0,0,0.0
754,Hilary Duff,True,4966153,846377,133701,4395,2.2373831775700936
755,Houndmouth.,True,18169,7915,1029,3039,2.2586206896551726
756,Temple Of The Dog,True,23994,97745,21804,230,1.4283903675538656
757,Ben Rector,True,125540,67888,8453,16438,22.950819672131146
758,Atmosphere,True,224820,19682,3663,46318,51.851851851851855
759,The Lone Bellow,True,23589,3613,504,6778,2.435523114355231
760,Little Dragon,True,96335,17219,2966,5046,2.1549295774647885
761,Steve Earle And The Dukes,False,0,0,0,0,0.0
762,Loretta Lynn,True,272343,46408,7103,1797,1.3665338645418326
763,Lindy Conant & The Circuit Riders,False,0,0,0,0,0.0
764,Popcaan,True,239891,267922,97196,3115,6.149171270718232
765,WizKid,True,4440165,1011239,171002,50743,16.13888888888889
766,Tamia,True,258348,12880,2399,6390,8.349397590361447
767,Julia Michaels,True,122726,121864,14540,13704,43.25
768,From Ashes To New,True,99402,8492,1447,6801,11.923076923076923
769,J.J. Hairston & Youthful Praise,False,0,0,0,0,0.0
770,Granger Smith,True,248541,115091,25226,13962,8.347826086956522
771,Foster The People,True,1005571,119678,19511,5191,5.547169811320755
772,The Birthday Massacre,True,26692,11981,1940,3543,1.7277856135401974
773,John Prine,True,25580,10061,1424,1972,3.8620689655172415
774,Quando Rondo,True,34886,36386,21932,104,0.8243512974051896
775,Jamie Lawson,True,55936,10971,1649,12336,7.686274509803922
776,Alter Bridge,True,187967,1566,318,88780,14.0
777,Craig Wayne Boyd,True,80490,13617,2369,6329,4.452205882352941
778,St. Vincent,True,1021461,107916,11771,3077,5.975609756097561
779,The Lacs,False,0,0,0,0,0.0
780,Marvin Sapp,True,526015,27240,7501,11909,5.447698744769874
781,Glenn Frey,True,28784,3248,396,79891,35.25
782,The New Broadway Cast Recording,False,0,0,0,0,0.0
783,Babyface,True,87656,20427,5322,780,1.0354609929078014
784,The Amity Affliction,True,103744,29040,4721,4371,9.592592592592593
785,matchbox 20,True,152517,56530,8322,8517,2.2903225806451615
786,Bjork,True,763348,294407,91954,1215,0.9588323353293413
787,Russell Dickerson,True,33563,6759,534,8679,29.13953488372093
788,Ricky Martin,True,20407456,523555,97031,6667,4.0874125874125875
789,Tori Amos,True,109061,69930,12099,1056,1.9928469241773963
790,mewithoutYou,True,27655,14460,2087,5677,7.528301886792453
791,Tenth Avenue North,True,274928,25347,4681,5972,1.914616497829233
792,Nahko And Medicine For The People,False,0,0,0,0,0.0
793,Junkie XL,True,26735,14616,2424,8342,3.9180887372013653
794,Tom Petty,True,437305,385231,132936,4995,2.791411042944785
795,Marie Osmond,True,224490,81652,6207,13536,7.047297297297297
796,Vince Gill,True,206336,72003,12045,3206,1.1888586956521738
797,Walk Off The Earth,True,194184,4627,562,9111,24.818181818181817
798,Pennywise,True,72689,23534,4937,2065,2.3776091081593926
799,Lecrae X Zaytoven,False,0,0,0,0,0.0
800,Death Grips,False,0,0,0,0,0.0
801,Frankie Ballard,True,125753,11498,1496,11940,1.0921985815602837
802,Frankie Valli & The 4 Seasons,False,0,0,0,0,0.0
803,Mura Masa,True,64149,34033,4476,4658,5.155688622754491
804,The Cure,True,95857,56621,15932,267,1.0606060606060606
805,Randy Rogers Band,True,193627,33604,4260,7310,7.0
806,Arcade Fire,True,1019178,82571,9159,2028,4.164102564102564
807,New Politics,True,66085,4896,461,12103,12.11111111111111
808,Gary Numan,True,56304,60574,5889,3697,9.105691056910569
809,Senses Fail,True,50153,19210,2272,17355,15.48076923076923
810,Cody Johnson,True,211560,60002,13430,14770,16.7125
811,Boosie BadAzz And C-Murder,False,0,0,0,0,0.0
812,Kari Jobe,True,702362,143929,34825,16019,3.589171974522293
813,Sheku Kanneh-Mason,True,99318,50293,8123,2988,7.827272727272727
814,Phoenix,True,285949,57999,12152,725,1.9113475177304964
815,Joe,True,68284,5136,1346,6064,1.2002743484224965
816,Midland,True,29385,30376,3003,2975,12.909090909090908
817,Billy Currington,True,678955,28466,5593,293,0.4793939393939394
818,In Flames,True,329895,14751,2653,6976,3.077294685990338
819,Kali Uchis,True,497267,2925074,909356,148,0.32213529682466635
820,New Hope Oahu,False,0,0,0,0,0.0
821,Fantasia,True,697485,120042,19320,7024,2.835195530726257
822,Calum Scott,True,189198,82577,10175,5576,19.62121212121212
823,MGMT,True,399141,40068,6347,1192,2.112280701754386
824,Brynn Cartelli,True,34472,42851,5199,873,11.605263157894736
825,Belle And Sebastian,True,97387,5571,722,7198,3.211764705882353
826,Koryn Hawthorne,True,30575,828,176,942,0.39660056657223797
827,Carly Rae Jepsen,True,10405311,510947,114648,6720,1.4184652278177459
828,Prophets Of Rage,True,59803,61635,14812,984,5.196969696969697
829,Pistol Annies,True,219632,67392,8686,688,6.16
830,Brooke Simpson,True,27551,11119,1121,4951,9.180327868852459
831,Nita Strauss,True,58371,17475,1965,21541,44.666666666666664
832,The Contortionist,True,23611,1856,350,1984,3.099502487562189
833,The Steve Miller Band,True,68927,5676,1477,542,1.6134453781512605
834,Gateway,True,38109,2617,463,9142,5.305555555555555
835,Rancid,True,143297,35887,7301,6294,4.855491329479769
836,Etta James,True,31523,662,121,52959,28.0
837,Talib Kweli & Styles P,False,0,0,0,0,0.0
838,Above & Beyond,True,556472,6847,1496,27835,27.666666666666668
839,Snakehips,True,44896,9072,1721,3955,3.1526717557251906
840,Slayer,True,942185,136772,40083,1827,2.8266384778012683
841,MIKA,True,1360813,207950,47936,4453,3.4081632653061225
842,First Aid Kit,True,138081,38490,3186,4792,8.422764227642276
843,After 7,False,0,0,0,0,0.0
844,Joan Sebastian,True,926637,47773,23557,2129,1.9421965317919074
845,Judas Priest,True,99316,137095,34003,1326,4.947368421052632
846,Housefires,False,0,0,0,0,0.0
847,Jason Nelson,True,132564,1317,263,37434,7.673076923076923
848,Chris Jamison,True,87826,5829,572,5304,4.107638888888889
849,LCD Soundsystem,True,170482,13281,16259,484,0.5279937791601866
850,City Girls,True,3187,551,196,7,0.7205882352941176
851,Ghost,True,23767,2608,689,4554,4.532203389830508
852,Bryan Lanning,False,0,0,0,0,0.0
853,The Cranberries,True,109430,220178,89104,362,0.500999600159936
854,Passion,True,13787462,1054081,307524,13752,3.1531531531531534
855,Isaiah Rashad,True,444254,235414,71920,48562,2.1639344262295084
856,Anthony Green,True,105417,25669,3474,11342,12.39344262295082
857,Tina Campbell,True,2822,306,23,24607,8.91851851851852
858,"Sufjan Stevens, Nico Muhly, Bryce Dessner & James McAlister",False,0,0,0,0,0.0
859,The String Cheese Incident,True,32937,1904,337,6946,12.202702702702704
860,Amos Lee With The Colorado Symphony,False,0,0,0,0,0.0
861,Superfruit,True,393879,211380,21014,5936,9.8125
862,Black Label Society,True,756685,104415,18571,26631,13.861386138613861
863,Moneybagg Yo & Yo Gotti,False,0,0,0,0,0.0
864,Sarah McLachlan,True,227780,73451,9096,5338,4.035294117647059
865,Parachute,True,116769,27513,3640,17953,8.369565217391305
866,Redman,True,646747,49334,10193,6885,8.365853658536585
867,Phillip Phillips,True,640883,21528,3035,12706,4.6
868,Keith Richards,True,1108586,746097,138396,1801,2.2823529411764705
869,The Sword,True,24350,2914,663,3725,2.3333333333333335
870,Chely Wright,True,52993,12792,1560,33390,31.11111111111111
871,Tamela Mann,True,133590,7504,879,5194,3.841463414634146
872,The Offspring,True,247052,37555,7367,6168,5.283653846153846
873,Pantera,True,712986,116773,48521,930,1.048841059602649
874,Wu-Tang,True,653151,188213,66402,12012,17.54794520547945
875,Pete Yorn,True,1338577,3309,260,7819,12.759493670886076
876,London Symphony Orchestra (Williams),False,0,0,0,0,0.0
877,The Shins,True,58171,18546,4551,431,0.784966112138016
878,Pat Green,True,52682,6203,1644,731,0.926829268292683
879,London Grammar,True,158152,54281,8681,1594,2.5990888382687927
880,Elliott Smith,True,4523,7306,526,332,2.0310880829015545
881,Avatar,True,44461,20568,5039,1091,1.68
882,Black Stone Cherry,True,91759,17551,2928,5393,7.2592592592592595
883,Alkaline Trio,True,83711,27716,5745,1020,0.5718774548311076
884,Blind Pilot,True,17427,4041,479,1345,1.7641509433962264
885,Ces Cru,False,0,0,0,0,0.0
886,State Champs,True,151891,39836,4720,18052,46.2
887,The National,True,897778,800,435,114030,229.83333333333334
888,A Great Big World,True,59354,9907,2003,5895,7.7924528301886795
889,David Nail,True,270710,5775,230,21598,27.847826086956523
890,Rich Brian,True,1398443,4655532,828463,19273,4.465949820788531
891,Juanes,True,11585482,66242,11525,10548,6.695652173913044
892,The Record Company,True,7527,2429,313,4394,6.638709677419355
893,Nas,True,2251248,104421,29261,5251,1.3658536585365855
894,Anthrax,True,515833,39660,8278,10562,5.149425287356322
895,MAX,True,7739,544,208,5424,5.392857142857143
896,Marvin Gaye,False,0,0,0,0,0.0
897,Chinx,True,87078,3312,3033,19314,0.9467213114754098
898,HAIM,True,1222790,559207,67963,3377,4.2
899,Michael Kiwanuka,True,46576,10639,1400,1968,2.1104868913857677
900,Audioslave,True,6973,36847,7684,86,1.4
901,FKA twigs,True,337660,128139,32256,636,1.8265027322404372
902,Cyndi Lauper,True,361932,46589,8137,4330,9.927272727272728
903,The Devin Townsend Project,False,0,0,0,0,0.0
904,United Pursuit,True,30139,5368,952,2339,2.673511293634497
905,Dawes,True,51545,9550,902,4467,11.591397849462366
906,Giorgio Moroder,True,37642,21223,6454,2591,0.8764415156507414
907,Barry Manilow,True,66404,51184,7270,2651,3.5644171779141103
908,Bonobo,True,123521,20801,2498,3387,2.7066666666666666
909,Christon Gray,True,36043,1770,350,12796,44.03225806451613
910,Polyphia,True,31093,26276,5309,1653,5.306451612903226
911,Miles Davis & John Coltrane,False,0,0,0,0,0.0
912,William Patrick Corgan,True,279410,12840,3194,124,1.3225806451612903
913,Veruca Salt,True,9870,3863,477,2587,2.044392523364486
914,Switchfoot,True,384236,74342,10198,6214,7.930635838150289
915,Neil Young + Promise Of The Real,False,0,0,0,0,0.0
916,Wynonna & The Big Noise,False,0,0,0,0,0.0
917,William Control,True,47766,2478,373,45,0.7894736842105263
918,Deitrick Haddon,True,317587,4379,533,36609,20.56923076923077
919,Hollywood Vampires,True,40244,105209,23283,398,1.1679909194097617
920,Pop Evil,True,63608,4089,339,7840,6.891191709844559
921,Bruce Springsteen,True,1168085,279196,60596,3765,2.18974358974359
922,Jeffery Austin,True,27134,1962,227,7746,8.178947368421053
923,Edward Sharpe & The Magnetic Zeros,True,117067,17119,6406,3495,1.185792349726776
924,Chris Lane,True,111542,39872,4976,15452,6.95
925,Joshua Davis,True,28420,1962,168,10057,5.855769230769231
926,Emery,True,339412,673773,197552,1155,1.3435700575815739
927,TakeOff,True,1179896,356982,98342,15896,1.7729257641921397
928,Knuckle Puck,True,82472,58652,7882,982,7.098591549295775
929,J Dilla,True,20884,444,109,3557,1.6352459016393444
930,The Brooklyn Tabernacle Choir,True,16801,1888,560,2022,3.1549295774647885
931,The Secret Sisters,True,11191,3691,378,2412,3.881188118811881
932,Steven Tyler,True,1732202,545084,93259,2271,2.197674418604651
933,Hard Working Americans,False,0,0,0,0,0.0
934,Trouble & Mike WiLL Made-It,False,0,0,0,0,0.0
935,M.I.A.,True,664051,117471,30402,246,2.1462264150943398
936,Gregory Alan Isakov With The Colorado Symphony,False,0,0,0,0,0.0
937,The Jimi Hendrix Experience,True,474440,88188,34194,1157,1.372829417773238
938,Lissie,True,42399,2644,323,11003,2.457777777777778
939,Jidenna,True,132261,36926,11270,2721,33.18518518518518
940,M83.,True,108218,33248,15129,570,0.6867785939139559
941,Graham Nash,True,28563,1216,1099,305,1.27331486611265
942,Ryn Weaver,True,46645,17820,2063,12811,4.194331983805668
943,Birdman & Jacquees,False,0,0,0,0,0.0
944,Wilco,True,209046,12680,1984,4410,1.7966666666666666
945,Hardwell,True,7848909,298578,61191,11601,8.686131386861314
946,High On Fire,True,29244,1076,295,30,1.7093023255813953
947,blessthefall,True,348394,23349,3302,8420,8.19620253164557
948,Gavin DeGraw,True,410422,45550,4022,9015,3.111111111111111
949,Corinne Bailey Rae,True,84319,15445,3410,2595,1.9968304278922346
950,Tamar Braxton,True,1637894,68887,11363,23452,5.661764705882353
951,Rise Against,True,349169,47928,7362,2937,8.776119402985074
952,Usher x Zaytoven,False,0,0,0,0,0.0
953,Scorpions,True,346129,45661,8498,3702,9.692307692307692
954,Queens Of The Stone Age,True,266916,92014,14985,2600,3.905263157894737
955,Avriel & The Sequoias,True,351961,167719,22923,12127,7.909604519774011
956,Charles Kelley,True,137504,47446,5021,1062,2.423076923076923
957,Metric,True,227255,21092,3222,2472,6.397849462365591
958,Ronnie Dunn,True,281176,21557,3496,6641,1.9506531204644413
959,Hoodie Allen,True,1245031,39842,6021,207979,126.0
960,LAY,True,1023804,6497019,3348769,99,3.781609195402299
961,Twin Shadow,True,32032,3292,435,3437,5.541666666666667
962,Diplo,True,2616018,178023,30821,70458,16.0
963,Jess And Gabriel,False,0,0,0,0,0.0
964,Rob Zombie,True,470550,45350,6862,5423,13.08411214953271
965,Hatebreed,True,284032,10133,2129,17953,11.88888888888889
966,Blaze Ya Dead Homie,True,67303,2247,470,8747,4.975903614457831
967,LOCASH,True,61467,2993,394,24303,10.705882352941176
968,Why Don't We,True,558834,2815148,382470,2916,9.722222222222221
969,NERO,True,438938,5620,1365,1671,0.48533333333333334
970,Brandon Flowers,True,281226,109362,51545,110,0.2579654510556622
971,Modern Baseball,True,95425,16696,2833,9949,1.0714285714285714
972,Big Smo,True,39015,5708,944,9568,1.4865810968494748
973,88rising,True,108720,217649,39973,2694,16.333333333333332
974,LeAnn Rimes,True,524722,15384,2198,94895,53.375
975,King Krule,False,0,0,0,0,0.0
976,R.E.M.,True,123758,27217,5755,2478,8.647058823529411
977,EXO,True,4233093,19661199,12650377,807,23.413793103448278
978,Jerry Garcia,True,21330,17098,3511,1406,6.451807228915663
979,Kem,True,133185,6739,2895,56728,441.0
980,Natalie Grant,True,299224,13876,1887,26055,4.2272727272727275
981,Z-Ro,True,187995,34703,13528,9301,4.191222570532916
982,The Internet,True,330003,227437,51259,14967,11.636363636363637
983,Barrett Baber,True,57143,2706,363,15345,6.753521126760563
984,Cheap Trick,True,91691,29425,6258,1210,2.518099547511312
985,Bilal,True,98410,2913,790,5361,0.7
986,Oh Wonder,True,180629,238635,25477,4398,4.707746478873239
987,Dropkick Murphys,True,127720,21256,3272,3462,3.3513513513513513
988,Superchunk,True,29475,1677,156,29472,34.36363636363637
989,August Burns Red,True,192156,22720,3404,5454,3.6552901023890785
990,Kylie Minogue,True,2281393,370254,54221,12115,9.02112676056338
991,Two Door Cinema Club,True,448935,156816,24176,4907,2.769230769230769
992,SoMo,True,264689,164217,30443,6083,4.191489361702128
993,Bullet For My Valentine,True,255434,52336,10156,4301,6.734177215189874
994,Angel Olsen,True,47791,56250,7355,591,1.2954022988505747
995,The Pretty Reckless,True,218495,20599,4431,1241,3.0408163265306123
996,Social Club Misfits,True,51211,15612,2248,41178,6.876106194690266
997,Killswitch Engage,True,190635,17288,3394,3818,2.194915254237288
998,Starbomb,True,324502,153393,21036,1395,0.45219638242894056
999,The Robertsons,True,101290,9829,674,5798,15.955882352941176
1000,Don Omar,False,0,0,0,0,0.0
1001,EDEN,True,134858,547946,94894,6061,4.897435897435898
1002,Emily Saliers,True,40803,12407,1377,3054,5.305555555555555
1003,Addison Agen,True,33671,61048,4025,549,3.6023391812865495
1004,Lucinda Williams,True,55416,2848,488,4661,1.8317757009345794
1005,Lucius,True,22493,4538,564,10882,3.78
1006,G Herbo & Southside,False,0,0,0,0,0.0
1007,Panda Bear,True,18981,11330,3643,187,0.7066001109262341
1008,Chevelle,True,128569,25796,2999,1705,2.3142857142857145
1009,Nick Cave & The Bad Seeds,True,128692,36450,8630,1252,1.5384615384615385
1010,I'm With Her,True,5327,8847,1328,383,3.2698961937716264
1011,Dillon Francis,True,1052661,124934,15598,1799,33.7037037037037
1012,The-Dream,True,399454,85528,20393,3082,2.7763713080168775
1013,Earl Sweatshirt,True,2187581,1812303,444498,10307,4.15
1014,Lil Xan,True,532159,731771,100204,8568,3.9565217391304346
1015,Stick Figure,True,28293,2418,681,4531,0.867005076142132
1016,The Mowgli's,True,36316,4541,453,12989,7.457943925233645
1017,Meshuggah,True,246070,8268,1682,1274,1.9209302325581394
1018,JoJo,True,767769,155238,26890,29511,6.608938547486034
1019,Brian Fallon,True,162442,222742,62869,10668,23.655172413793103
1020,Empire Of The Sun,True,65095,14270,3298,1276,1.9297297297297298
1021,TesseracT,True,48106,3810,634,9968,2.90625
1022,Natalia Jimenez,True,569233,10655,2382,15285,27.16
1023,David Cook,True,289892,25429,6250,3880,2.8
1024,Korn,True,1259967,232693,50402,2506,2.1555915721231766
1025,Stone Sour,True,429557,103414,13211,1723,5.6798245614035086
1026,Vertical Church Band,False,0,0,0,0,0.0
1027,Calexico,True,11877,2310,337,3053,8.244444444444444
1028,Faith No More,True,58488,18810,9618,308,1.4583333333333333
1029,Dario,True,178526,25016,1424,7901,8.664335664335665
1030,St. Paul & The Broken Bones,True,24640,3197,682,170,4.832258064516129
1031,Jon Batiste,True,46294,31930,3846,8327,9.275
1032,CHVRCHES,True,358047,99575,12814,597,8.38888888888889
1033,MAGIC!,True,263814,22024,5344,6350,2.5620915032679736
1034,Whitesnake,True,211528,18951,1722,82553,233.33333333333334
1035,Devin Dawson,True,16577,9068,1181,4908,19.758064516129032
1036,Sleigh Bells,True,44987,16540,4560,284,1.009009009009009
1037,This Wild Life,True,139039,2445,135,18056,33.2
1038,Ugly God,True,1013943,2246776,1111299,744,0.4827586206896552
1039,Drew Baldridge,True,16559,14029,1795,9694,9.047619047619047
1040,Perry Como,False,0,0,0,0,0.0
1041,Coheed And Cambria,True,112167,49337,7642,7102,7.224
1042,Conor Oberst,True,29703,7899,1303,1065,0.9932432432432432
1043,Tracy Lawrence,True,84972,10301,1259,7019,5.409090909090909
1044,Jim Croce,False,0,0,0,0,0.0
1045,Brooks & Dunn,True,146829,6556,1590,659,0.4158415841584158
1046,My Morning Jacket,True,101823,7431,1348,2918,1.051155115511551
1047,Clutch,True,41763,7510,1414,2370,2.956896551724138
1048,Damien,True,110620,3339,592,15752,32.55813953488372
1049,Gene Autry,False,0,0,0,0,0.0
1050,Freddie Gibbs,True,189512,23463,7028,22507,11.25
1051,Seether,True,273165,44579,6117,2280,5.090909090909091
1052,Thundercat,True,179712,215467,33769,21210,6.391304347826087
1053,Lamb Of God,True,746473,69861,14329,4008,4.452
1054,Hollywood Undead,True,314802,61280,12417,5043,3.8518518518518516
1055,Mitski,True,94557,432526,48067,12392,4.1525423728813555
1056,Jewel,True,391449,19589,2872,15455,12.551724137931034
1057,Chloe Kohanski,True,50029,23701,1761,1600,9.02803738317757
1058,Juicy J Wiz Khalifa,False,0,0,0,0,0.0
1059,Destiny's Child,True,42095,132961,39355,586,1.492343934040047
1060,Meghan Linsey,True,49945,2243,281,11706,5.301470588235294
1061,Nothing,True,918345,7150,2034,31299,126.0
1062,Dave East,True,222979,43813,17082,68855,1.8007246376811594
1063,Rico Love,True,202002,901,368,31240,4.9765625
1064,Deftones,True,391503,114234,19759,2334,2.462962962962963
1065,A Day To Remember,True,979284,175300,29451,3696,2.8253968253968256
1066,Nate Ruess,True,37082,51288,15019,296,1.0440677966101695
1067,Haste The Day,True,15584,55,11,4,3.5
1068,Audrey Assad,True,48165,10159,1541,51814,17.59722222222222
1069,Grouplove,True,131947,10753,1062,6702,2.5520833333333335
1070,Soulfly,True,48906,9398,2479,2300,5.71875
1071,Action Bronson,True,341109,155915,35755,56011,10.10483870967742
1072,Rival Sons,True,35751,12275,2017,17692,2.3644444444444446
1073,Gary Clark Jr.,True,114302,19517,2417,2811,2.7292929292929293
1074,Melissa Etheridge,True,102095,87045,12188,5540,10.091666666666667
1075,Stacy Barthe,True,39729,680,234,12369,0.9096045197740112
1076,Colvin & Earle,False,0,0,0,0,0.0
1077,The Lox,True,16433,1984,950,1481,1.094972067039106
1078,Seth Avett & Jessica Lea Mayfield,False,0,0,0,0,0.0
1079,Ludacris,True,11542998,39218,5087,21249,18.42105263157895
1080,Yo Gotti & Mike WiLL Made-It,False,0,0,0,0,0.0
1081,dodie,True,1014818,317006,16693,72621,56.0
1082,Tony Bennett,True,141422,156180,24803,3070,3.0481012658227846
1083,New Kids On The Block,True,302507,223074,27473,8978,11.29245283018868
1084,Nas With The National Symphony Orchestra,False,0,0,0,0,0.0
1085,Randy Houser,True,561107,8644,746,8621,8.571428571428571
1086,Steve Perry,True,25392,178503,27355,175,9.761467889908257
1087,Farruko,True,3873782,71486,9297,10700,6.2631578947368425
1088,Godsmack,True,291875,20861,2546,13354,9.408602150537634
1089,Denzel Curry,False,0,0,0,0,0.0
1090,LeToya Luckett,True,818088,54315,12494,19752,2.1702508960573477
1091,Sting & Shaggy,True,120897,3353,591,10167,12.866666666666667
1092,Elevation Worship,True,159575,71208,15900,8435,5.775
1093,The Mavericks,True,11280,6240,1207,2625,1.1796954314720811
1094,The Doobie Brothers,True,51422,29318,4661,2505,2.925373134328358
1095,Tobias Jesso Jr.,True,12409,7107,1600,302,0.8171206225680934
1096,Slaves,True,68038,65447,8404,5339,5.923076923076923
1097,J.I.D,True,159627,109428,11740,81791,236.25
1098,Lalah Hathaway,True,299972,6251,770,52226,47.666666666666664
1099,Witt Lowry,True,131550,758236,204762,26179,2.6792035398230087
1100,The Monks Of Norcia,False,0,0,0,0,0.0
1101,Stick To Your Guns,True,71687,11309,1610,15292,30.512820512820515
1102,Jamie xx,True,84643,3247,843,10160,2.7248322147651005
1103,Stephen Malkmus And The Jicks,False,0,0,0,0,0.0
1104,Rend Collective,True,93186,11149,1629,6250,4.510067114093959
1105,Jason Isbell,True,233006,162062,10318,28450,26.121951219512194
1106,Sufjan Stevens,False,0,0,0,0,0.0
1107,Murs,True,129438,3795,573,22747,16.14666666666667
1108,MuteMath,True,77489,6613,906,6077,1.1613636363636364
1109,Eric Paslay,True,145374,7678,587,4716,5.992
1110,Animals As Leaders,True,61617,4578,596,3304,2.7131782945736433
1111,Prof,True,12885,1103,1024,459,5.95945945945946
1112,Tiesto,True,5102671,111036,18924,32201,7.837606837606837
1113,Jake Owen,True,2210891,187680,18500,6247,5.018867924528302
1114,Fozzy,True,87205,871,231,29971,36.4
1115,Josh Ritter,True,36570,13647,978,4614,5.074349442379182
1116,Deerhunter,True,2876,6019,855,265,4.539748953974895
1117,Eazy-E,True,59261,102190,21024,3276,1.3028064992614476
1118,Canaan Smith,True,76048,4538,612,15450,4.208588957055214
1119,Mastodon,True,463593,52577,12608,1498,1.9870967741935484
1120,Seth MacFarlane,True,14338725,1233243,221918,8343,4.861111111111111
1121,Asking Alexandria,True,1003345,112208,20537,2944,4.008064516129032
1122,Alison Krauss,True,111219,17712,3865,505,0.8294797687861272
1123,Fat Joe & Remy Ma,False,0,0,0,0,0.0
1124,Weezer,True,1735487,80375,12339,6315,5.135869565217392
1125,Bishop Briggs,True,53502,47833,4062,11497,30.8
1126,The Wombats,True,124610,26294,3160,5993,16.169014084507044
1127,James Blake,True,290594,152556,31777,1509,1.165289256198347
1128,Between The Buried And Me,True,43607,10021,1749,1758,2.703252032520325
1129,Coal Chamber,True,8919,1293,487,1742,1.3970741901776385
1130,Nothing More,True,49291,2656,333,18497,50.2962962962963
1131,Alabama,True,67743,2897,400,2797,8.444444444444445
1132,Neon Indian,True,71397,12045,3176,2849,0.8878822197055493
1133,The Doors,True,915232,94003,24513,3565,5.256916996047431
1134,Boston,True,297873,6623,2533,17660,15.30232558139535
1135,Roddy Ricch,True,6935,2592,1135,4849,1.3702127659574468
1136,Hailee Steinfeld,True,1031677,1137306,132613,4544,6.24
1137,Caleb + Kelsey,False,0,0,0,0,0.0
1138,Jeff Buckley,True,24640,15887,6834,432,0.8295537673738113
1139,Quicksand,True,5711,6786,1039,415,2.22962962962963
1140,Ibeyi,True,33252,10137,1611,3303,6.355263157894737
1141,Chuck Berry,True,4787,5194,2980,150,1.1572254335260115
1142,Michael Bolton,True,99686,23613,4098,7561,8.00625
1143,Ashley Monroe,True,134446,15030,1693,6868,3.6108597285067874
1144,The Dillinger Escape Plan,True,42697,8496,1225,2083,1.500619578686493
1145,Marty,True,152782,74951,6545,20058,13.169491525423728
1146,Ricky Dillard & New G,False,0,0,0,0,0.0
1147,Lindsay Ell,True,108337,16369,1004,44919,56.666666666666664
1148,Glass Animals,True,91751,99889,11180,8337,4.926923076923077
1149,Joy Villa,True,154299,6867,971,35701,152.83333333333334
1150,Cradle Of Filth,True,87987,11129,2587,5002,3.185
1151,Adore Delano,True,392490,181917,20001,14761,18.83823529411765
1152,Joey Feek,True,48763,7006,1116,1350,0.7007007007007007
1153,Beth Hart,True,37878,24016,2454,9832,4.765258215962441
1154,Sharon Jones And The Dap-Kings,False,0,0,0,0,0.0
1155,Low,True,21954,3699,237,5747,31.208333333333332
1156,Red Marlow,True,29478,12739,2158,2443,5.323353293413174
1157,B.B. King,False,0,0,0,0,0.0
1158,Leona Lewis,True,1228505,84585,13013,8298,9.315384615384616
1159,Burn The Priest,True,746473,69861,14329,4008,4.452
1160,The Oh Hellos,True,13433,3071,288,3168,4.379310344827586
1161,Goo Goo Dolls,True,140600,49036,6251,4185,6.6091370558375635
1162,Ben Folds With yMusic/Nashville Symphony (Guerrero),False,0,0,0,0,0.0
1163,The ARCS,True,79449,6739,1243,2177,4.101010101010101
1164,HellYeah,True,347023,26305,4630,4887,4.395348837209302
1165,Alina Baraz,True,127577,1213536,305119,178,0.619430693069307
1166,ONE OK ROCK,True,1530581,2390039,559902,1387,1.8538812785388128
1167,Cody Simpson,True,7501583,42415,9072,35580,31.620689655172413
1168,3OH!3,True,167779,21151,5078,6902,1.2352941176470589
1169,Celtic Woman,True,37297,10541,1446,3598,3.5
1170,The Flaming Lips,True,997162,904,136,5039,1.288
1171,Van Halen,True,320157,15375,11848,74,0.17278025368529312
1172,Dreezy,True,174661,59823,21667,11437,25.9
1173,Gregg Allman,True,170173,13988,2684,2888,6.664383561643835
1174,Ryan Bingham,True,45845,42256,4442,6079,2.440959409594096
1175,Garbage,True,156649,30217,4633,20029,34.054054054054056
1176,Ringo Starr,True,1885204,1408988,262407,1077,2.2948929159802307
1177,Tasha Cobbs,True,248638,3402,319,44536,1.3125
1178,David Gilmour,True,106466,109838,27731,491,0.9466840052015605
1179,Band Of Horses,True,213930,14083,2424,2240,1.24212271973466
1180,Chloe X Halle,True,160018,303485,50927,31352,9.357142857142858
1181,Grace Potter,True,121903,5815,971,6081,1.2118644067796611
1182,Mike Shinoda,True,1028904,292397,37174,6527,19.366666666666667
1183,The Avalanches,True,41830,19592,3041,1677,3.745819397993311
1184,Francesca Battistelli,False,0,0,0,0,0.0
1185,Yella Beezy,False,0,0,0,0,0.0
1186,Kimbra,True,137577,10572,1319,8963,4.770700636942675
1187,"Chunk! No, Captain Chunk!",True,70327,13845,4041,3884,1.4126268320180384
1188,Marshmello,True,1332452,630373,92785,7880,14.208955223880597
1189,Red Fang,True,30507,2744,671,3679,1.674101610904585
1190,Hollyn,False,0,0,0,0,0.0
1191,Johnnyswim,True,32864,6981,508,13556,10.625
1192,Clams Casino,True,79426,4319,512,10744,3.7011494252873565
1193,PJ Harvey,True,104013,28294,12182,163,0.32176749703440094
1194,Roger Waters,True,252605,367751,90823,593,4.406557377049181
1195,Charles Jenkins & Fellowship Chicago,False,0,0,0,0,0.0
1196,Jason Mraz,True,5735041,56842,8830,3961,8.277777777777779
1197,Emily Ann Roberts,False,0,0,0,0,0.0
1198,Ani DiFranco,True,54798,10016,1964,1485,3.3157894736842106
1199,Pearl Jam,True,3592677,211661,34775,7230,15.28048780487805
1200,Chrisette Michele,True,609511,3916,633,26629,5.401826484018265
1201,Pink Guy,False,0,0,0,0,0.0
1202,Dove Cameron,True,1436697,419340,31265,15483,18.307692307692307
1203,Kamasi Washington,True,48975,35462,7416,6536,1.96
1204,Iron Maiden,True,2188111,178167,31079,5934,10.716814159292035
1205,Common,True,5325898,726315,238612,12160,15.709302325581396
1206,G Unit,False,0,0,0,0,0.0
1207,Metro Boomin,True,2772647,605682,174255,174301,25.454545454545453
1208,Matt Maher,True,136455,11386,1411,13841,6.670588235294118
1209,A Perfect Circle,True,166491,64039,14224,433,3.7643504531722054
1210,Dominican Sisters Of Mary - Mother Of The Eucharist,False,0,0,0,0,0.0
1211,Majid Jordan,True,306567,226233,79380,643,1.7995283018867925
1212,Carly Pearce,True,39596,38017,3305,20252,43.81481481481482
1213,$uicideBoy$,False,0,0,0,0,0.0
